-8.904450369718294178e-01,-7.110943268977444331e-01,7.286113436670806909e-01,7.966849297826524845e-01,-1.031242706602655268e+00,9.741481008161232413e-01,2.719826167470387746e-01,-6.109537059051026869e-02,-7.131071735464340478e-01,1.955229627980492324e-01,1.482836147527540616e-01,1.815240519538452668e+00,-6.990580807829362975e-01,-7.917191575668649506e-01,7.254974394990727493e-01
-6.753546108719936658e-01,6.465736479091166444e-01,-5.616914628942594190e-01,-7.767943063894923172e-01,4.789486891995682338e-01,6.717213032715578791e-01,4.325826686953033740e-01,-3.804194176165449082e-01,3.671394579755334342e-01,3.881097351509832372e-01,3.308337128178775455e-01,2.054209673932811953e+00,-5.916083479401539336e-01,5.809344360125644480e-01,6.621170785439938200e-01
-5.469674828973428715e-01,4.121443054977930176e-01,-6.420595583705684950e-01,4.677677399568780370e-01,-6.363408702964346020e-01,-7.011461304542180306e-01,8.187126688478919834e-02,1.123580317536925499e-01,5.966278129749829073e-01,4.306833162541825466e-01,1.516176434256000460e+00,4.710368509908549051e-01,-8.783581546719019251e-01,7.034404425771751956e-01,-7.696004527105224646e-01
-3.265888184444823983e-01,-3.833303519866210762e-01,3.494457613031486942e-01,2.478920914556252408e-01,4.334596033532162052e-01,4.511630351356585855e-01,-4.070432595151146637e-01,2.419933950345319260e-02,-3.857016872651634620e-01,1.434100149599283114e+00,1.352883344166158741e+00,5.447813262436088655e-01,-3.873445521504368383e-01,-3.895882568721044104e-01,3.915801047465669593e-01
4.622437558041516681e-01,-5.585247371080408474e-01,-5.981763698032309673e-01,5.288587534973366866e-01,4.608330738847670194e-01,-7.139152014140152103e-01,-2.011834055994257131e-01,-2.172962181407156468e-01,4.938656088177755810e-01,5.257955103778422234e-01,3.923807616148665134e-01,5.643194651760909952e-01,-8.158916355797107833e-01,-7.253726622489925502e-01,-7.917389219835988534e-01
-3.591943271599013499e-01,6.262274199906974204e-01,6.366150201225704297e-01,3.149279387870295710e-01,-3.842703226238476377e-01,3.473517066861919744e-01,4.680949470480383345e-01,2.344627854139139655e-01,3.018664397506397035e-01,6.864657246070966501e-01,1.671865716517288325e+00,1.641144093416694316e+00,-2.350401766261251135e-01,-3.223116785420168107e-01,4.221220932606352116e-01
-5.895339931521398347e-01,-7.280732272331333910e-01,7.541113258847668144e-01,-7.552698682385761142e-01,6.558034839279228700e-01,7.165975042384489235e-01,5.703487010731334017e-02,-4.019438193179045160e-01,-4.863795903043163227e-01,4.413722050239202166e-01,5.591817744635225740e-01,2.933069012214669091e-01,9.261367931110903173e-01,-8.912131165102665786e-01,-6.737482234005390813e-01
5.138458315930967135e-01,-4.696582994128248312e-01,4.484167526580088992e-01,5.127060455676426542e-01,-4.728419926538176554e-01,-5.272612708062449638e-01,-2.976900195559137319e-01,-1.576199695648151100e-01,-3.477285712930673345e-01,1.302709517177644605e+00,1.463146075275385982e+00,1.482176936316402349e+00,-4.081316509356737732e-01,-4.318335960619046898e-01,3.806282231314677134e-01
-1.608279724279417511e-01,-1.146806931228543797e-01,-1.889281295616122291e-01,-2.084128482288379880e-01,-1.610272583934801160e-01,3.350533070209957276e-02,2.856050366068236257e-01,3.629984906432666691e-01,1.176342391335921667e-01,1.121382764746887695e+00,8.921123848879626284e-01,8.157811763649348569e-01,-1.034887048453399933e-01,-6.282905088611256961e-02,-1.878481842171214056e-01
-2.914997310639049766e-01,-2.956684539778310361e-01,3.255771467956307119e-01,2.096277164339412913e-01,2.150622766096841054e-01,4.535408786404395709e-01,2.619572805391240378e-01,2.842498063936459984e-01,-2.748266748243115565e-01,6.998487243236546362e-01,7.083348638979219958e-01,7.032300624731209204e-01,-4.248258830301969713e-01,3.488471084880513939e-01,2.270001260038113644e-01
7.408243886982475157e-01,7.229157135779027410e-01,8.870857013231435717e-01,6.257951147422831095e-01,8.213100681551075422e-01,-4.554891131665106396e-01,-3.552216826784772019e-01,-1.577114385527310925e-01,6.610675745771004141e-01,1.876459838298516203e-01,1.872838470398133781e-01,1.754460669880272938e+00,8.685647515068888325e-01,8.681554200146683886e-01,-7.612197791413055636e-01
1.617284176393724293e-01,1.826106149332257511e-01,2.228366235011625396e-01,3.259768370812760052e-01,1.946475839767801974e-01,4.813961596399611298e-01,-4.624251894501528737e-01,3.186122603248969093e-02,3.361264784521785787e-01,1.145875259935089430e+00,1.141801647880397841e+00,1.176489007026844780e+00,-1.425541329974608085e-01,1.472137753029837959e-01,-1.507524756884693062e-01
-5.400483995807989768e-01,-5.610300040601619020e-01,-5.062567906445784027e-01,4.873089918845350810e-01,4.070647136000918875e-01,4.051493302845904365e-01,1.783437015196478181e-01,-1.527704896229738207e-01,6.198795018587548444e-01,5.037344771465321891e-01,4.755868944123931574e-01,1.516559398296193573e+00,5.939209029276295571e-01,-6.288648892452175510e-01,-7.376970451049353894e-01
7.678415207431218970e-02,1.065312144763768580e-03,3.844649191331073190e-02,7.930592303087181938e-02,-1.551090340670951417e-01,7.102106488480249002e-02,-1.425603141645096494e-01,3.879625774539864624e-02,1.311468370984444631e-01,1.083104106029783464e+00,9.236791875687629938e-01,1.064724317463033421e+00,-5.744467275046948734e-02,4.031025289289803110e-02,-8.208560627747682470e-02
-1.204139039152225948e-01,-1.226890644362206018e-01,-7.304810038431083785e-02,5.487796226748702100e-02,1.889108732769974597e-01,2.267966978354696017e-01,1.036357658714934793e+00,9.757029739709599525e-02,1.578922608113477455e-01,1.118237197489802437e+00,1.121260946926679214e+00,8.781372677108432168e-01,2.672894528576818529e-01,-1.338798582428378792e-01,-1.218130720966522501e-01
-4.107245407407433824e-01,4.008797558556587148e-01,-3.426465808194842921e-01,-3.879865284920578361e-01,-5.611867912684055382e-01,-3.261883695908726621e-01,3.919813588218551414e-02,3.558531668737565101e-01,-3.076340426958428798e-01,5.971914908913517062e-01,5.924691874389883539e-01,6.029029810856890714e-01,-4.244607799442212115e-01,3.668001533735587016e-01,-4.135935740517872050e-01
-7.644704594438165302e-01,-7.151461061386498175e-01,-7.680367995936477898e-01,5.366084356061289196e-01,-7.421381642271858148e-01,-7.768945029820250037e-01,1.434559287347447476e-01,-1.073731503078111521e-01,6.033805261632031458e-01,1.714777651723918828e+00,2.085981611713043915e-01,2.935141116345094670e-01,7.482134993538993584e-01,1.044162335436650046e+00,7.977498044664990129e-01
3.342109371649120142e-01,3.593030486682498581e-01,-3.255398072888851524e-01,-8.379861898917155549e-02,-3.741753518917632637e-01,-1.007364724733773448e-01,-1.194143565635174750e-02,-6.897358124031124360e-01,6.797727729676399100e-02,6.437226409436292984e-01,6.334410241858459134e-01,6.546326506387166733e-01,3.212622747885077734e-01,-3.269719280743166867e-01,-3.339356593639464243e-01
7.405086679231771551e-01,7.286664046335954437e-01,7.951723169166274863e-01,-6.034539914747850675e-01,8.146437173468792370e-01,-7.033053411912869590e-01,2.642072503571977204e-01,1.375382164494056147e-01,-8.172834568117021137e-01,2.357151108672640438e-01,2.221025105668126831e-01,2.555013542357261191e-01,-6.995069077714172190e-01,-7.526854245034571012e-01,7.147906691493548514e-01
-5.320154242680551482e-01,-5.100319708455745005e-01,5.381681834008961163e-01,4.964751015913245746e-01,5.432211943617462069e-01,-6.829092862123158358e-01,5.379113454591680915e-02,-1.626718055259170626e-01,-5.087940629615120836e-01,6.255872808291654819e-01,5.549133275213070648e-01,5.952516785513949360e-01,-8.389928978988507868e-01,9.257429064419169240e-01,8.792526600652661450e-01
-1.751785380787346802e-01,1.908500744642059321e-01,-1.638191214648038463e-01,-1.165832220199884139e-01,1.149399519791792917e-01,1.595346837679399443e-01,-1.171236999017199465e-01,-2.715067237074347828e-01,1.302220120402865222e-01,8.883618351671109803e-01,1.029564843981083166e+00,9.825767330358626817e-01,3.646939661090302098e-01,2.889785176860056870e-01,3.464527634007177337e-01
-2.152656185822288959e-01,-1.187302905104291734e-01,1.285495382256637564e-01,-2.517216751057723689e-01,2.755383586272444063e-01,8.443303245633219933e-02,-1.885541322517800544e-01,6.856639713437768791e-01,2.686500344977664143e-02,1.095725012955151456e+00,9.170040561946947166e-01,9.113811858576100766e-01,-6.074860228426511716e-02,1.509008533084583714e-01,-9.265985159292514095e-02
5.594119911820352176e-01,-5.202545703963905588e-01,4.374217465979579056e-01,4.684117087737937335e-01,-5.222220336854951350e-01,3.189225430556327789e-01,6.487698880911222377e-01,5.934168878916391554e-01,4.124158802502221957e-03,6.225794811428533304e-01,1.375710232004605515e+00,1.378704914924283598e+00,-4.422859377364790068e-01,-5.782011461234179972e-01,5.641015002418867663e-01
-4.420833664880111091e-01,3.471267833902633715e-01,4.159287534377053563e-01,3.350192607302736048e-01,3.741962705704836023e-01,3.055732157931365101e-01,-8.532421935760689524e-02,-1.591493989240680973e-01,-2.311617488409032362e-01,1.376933319367605435e+00,6.189229595388966443e-01,1.398451391256365417e+00,4.542986301298119201e-01,-3.041639493849914722e-01,-4.245135447241423776e-01
-1.899352231199694357e-03,-8.439720900344694797e-04,3.411844241917467990e-02,1.354867739137018967e-01,-9.177070945446877404e-02,2.643979888015182342e-02,-1.436336826826131730e-01,2.116372955129867672e-01,-7.867409782048001565e-02,9.997630159266577277e-01,9.998757338603191380e-01,1.000550912221099820e+00,-4.709608706645036433e-03,7.713700957717489932e-04,2.767681778380985235e-03
2.906587191311666568e-03,-4.621046237319881810e-03,-6.656975973519545231e-02,-6.231433326415146412e-02,6.829556612780918190e-02,-7.537980892616913398e-02,1.897405082934067733e-01,4.060356441691900242e-01,6.511522019079461765e-02,1.003436133482953796e+00,1.010197821751116720e+00,8.508486184778515371e-01,-2.003171795163047211e-04,8.828958362467899390e-02,5.151529954373978287e-02
-2.628557420416819945e-01,1.682163202230677057e-01,2.553579132210604397e-01,-3.238095612689425029e-01,-3.086423683262414785e-01,4.365512395735004492e-01,-2.512131829771054314e-01,-3.585966094361609513e-01,-3.734256499411590657e-01,8.691696108559964218e-01,7.919658437484645708e-01,1.212874684511199286e+00,1.804645337517531423e-01,-1.746034463838525563e-01,-6.695989357881244886e-03
-6.758171075913851356e-01,-8.838988566809170555e-01,-6.257094867256945969e-01,6.852862720104073713e-01,-7.809845527926773112e-01,-6.205410875829054929e-01,-1.812548633726523140e-01,-1.662525254643985040e-01,6.528681861056363500e-01,1.665732332305668750e+00,1.778017351262282997e+00,3.528972434910415124e-01,-9.094570275564151096e-01,-6.336866181527142095e-01,-6.305274363880044586e-01
2.859260163509996788e-01,-3.101402386259058952e-01,3.068566130289138716e-01,-3.532042251380156928e-01,-2.137731627069063556e-01,4.296546347462029125e-01,-4.210018035148648252e-01,-8.817725728296469390e-01,-2.665689305915459190e-02,1.301791683139620792e+00,6.328346752955043009e-01,1.397053975405382120e+00,2.862188547110122716e-01,-3.205722464965161111e-01,2.607869323139224149e-01
7.759178207795918158e-01,-7.673611954975197991e-01,7.249073419714235911e-01,7.386121710040250976e-01,4.642462303480862085e-01,6.031974905877105497e-01,-3.928735320761141403e-01,-1.943081371097528931e-01,-5.953069423626281553e-01,2.798685753561185319e-01,1.582713118201140023e+00,1.695446199946585075e+00,-6.637717764603915382e-01,8.473495998320905720e-01,-8.410382514864279679e-01
-9.364524650929939575e-02,-1.724455233677119614e-01,6.689838190909162818e-02,2.032692563080683024e-01,1.810425510675130190e-01,2.082136249774396985e-01,-1.162015839975684139e-01,6.587672494348916219e-01,-1.393164070149321143e-01,8.337233064881143241e-01,8.920094809570167094e-01,8.179892163667289440e-01,-4.970889447194982991e-02,-1.659963788029429899e-01,9.815342301711423023e-02
-1.005213264393885142e+00,6.731434554784343494e-01,-6.973213544557202992e-01,-7.298314194442997449e-01,6.516605167338391791e-01,7.881853437347711155e-01,-2.379816610056933457e-01,-2.628737298317600224e-02,3.148943991595072323e-01,1.657172243981952287e+00,1.704944864939843985e+00,3.096026182177765707e-01,8.699684076984629533e-01,-8.225909281663950079e-01,-7.078165453156098907e-01
-7.302998418388281232e-01,6.361318119091312617e-01,7.289279909424521975e-01,-2.866661396105366078e-01,-6.300390390711044786e-01,5.403731174581591912e-01,-1.676077836577591698e-02,-4.030097251837336247e-01,-7.916210417229158081e-01,1.817912406292507610e+00,1.677510006055025871e+00,1.627514145038875926e+00,7.140471729877472251e-01,9.138284239594551828e-01,-9.319930045538084018e-01
3.946223840623795942e-01,3.157000415459608189e-01,-1.974623428839092920e-01,1.632035896676037046e-01,-1.408171012953338408e-01,3.915740416460191664e-01,-1.037090522940665505e+00,4.634296667394644520e-01,-2.345926918399051930e-01,6.733310217956406385e-01,6.994652275582423639e-01,6.830965268513410349e-01,-3.903448009997507739e-01,1.947642103073335962e-01,-3.139872662698646177e-01
4.970942686410204647e-01,3.922745896869486160e-01,-4.583940397923768062e-01,5.531579528486945119e-01,-6.421287732963661954e-01,1.051223670339313833e-02,-2.466808108352735451e-01,-2.830319597613541460e-01,4.412341604912578541e-01,4.326502984416064068e-01,1.573432301172931647e+00,1.554728864419757883e+00,6.903092602850908754e-01,5.988918173660707778e-01,6.998465239814655181e-01
-7.260181820047139079e-01,7.914543224581377379e-01,-3.710853407284369077e-01,-4.014293337136136119e-01,5.241529774234012784e-01,-7.249379031348774927e-01,3.266310802377944689e-01,2.264294736283923304e-01,2.508453929071012833e-01,1.899476852276373862e+00,3.597893338364335225e-01,1.436380958183558931e+00,5.255816474666843430e-01,-5.767140314027641157e-01,6.161259382928069295e-01
7.350494068684610971e-01,7.944533671102429473e-01,-6.842506504435351689e-01,-6.986141183535891086e-01,4.888812300643048392e-01,-8.152015928228657504e-01,-6.638534274698608406e-02,-2.185048790603998647e-01,-2.464937243226480723e-01,1.707510035626794931e+00,1.755674987875887050e+00,1.756373533571053525e+00,7.822554463834574534e-01,7.326987330252399122e-01,-8.222971626801212075e-01
6.514257295368161213e-03,7.228188493300799706e-04,4.593674786222264050e-02,-6.810559685715095180e-02,-2.963262789176486778e-01,-2.284585017557213410e-02,-9.740612412187693581e-01,-2.885062377332556771e-01,-7.041198232626137699e-02,9.983812329024962517e-01,9.968433730990774455e-01,9.976236060672888373e-01,-2.992302999869745142e-02,1.494555897402043143e-02,5.174453340429975307e-04
4.223845249468710095e-01,4.325155928998184462e-01,-4.534964982146818535e-01,-6.033418065159693588e-01,-5.204558436686135270e-01,-4.027742452861085565e-01,-1.873199951648275574e-01,-2.099067888471460031e-01,4.475083846012840039e-01,5.796134068105756043e-01,5.605221722414098773e-01,5.697077113149510152e-01,4.734244609661390490e-01,5.336997544546330241e-01,4.709407043816103422e-01
5.120546791714301049e-01,5.192224661086857207e-01,-4.793899558519198467e-01,-4.708148458671504444e-01,-4.856127675689079215e-01,5.707408051252232939e-01,4.621126703063531682e-01,-7.461468418584900064e-01,6.788198507364624490e-01,1.528727748156470057e+00,4.696193674595163792e-01,1.526254111221006626e+00,-5.278221207772574308e-01,-4.970284095633486499e-01,-5.168384388639946092e-01
-4.232394826579805591e-01,-3.653156158403269571e-01,-4.279189009549060341e-01,-5.631764458115496863e-01,-2.362701681883661586e-01,-5.242928478979630436e-01,-1.684882948657938084e-01,-2.590537409860117768e-02,-4.919332288060580538e-01,5.508726386060945890e-01,1.433944726925618918e+00,6.150362734844860846e-01,7.294265822432846047e-01,6.710785441463928969e-01,-6.846502431599349459e-01
8.408269167276558043e-02,1.090948921173730407e-01,1.268475906634956574e-01,-5.498584430280662599e-02,4.621174621769410379e-02,1.233046619588352710e-01,8.256402880565006930e-01,4.702577073611725195e-02,2.378507811197435803e-03,1.093435189490568282e+00,9.087128922975712397e-01,9.039430076573370387e-01,1.441687228716591052e-01,9.137140046670060023e-02,-9.670368579258960262e-02
-4.472982010945957820e-01,4.527758268382344187e-01,-4.927356853409237125e-01,-1.972955962850171385e-01,-5.325427828438318301e-01,5.178567204326343099e-01,-2.451171316871764982e-01,1.158646800537129762e-01,5.835383100248997534e-01,4.970556727671293640e-01,6.788947700935774598e-01,5.435239288303127525e-01,-7.154800171520685481e-01,6.338778471866338693e-01,-5.741974732881987009e-01
2.974918882340070736e-01,-2.809248759337230061e-01,2.685342069455537439e-01,1.729309116176045436e-01,-9.887578949682571117e-02,-2.049975541910518118e-01,2.311821259858684585e-01,-7.523005793015116183e-01,-1.162738258450105033e-01,7.282434649609527133e-01,1.256510986205031655e+00,1.292595274598120181e+00,-3.225928653009499936e-01,-3.766242527909396398e-01,-2.605334957382586247e-01
-6.593430210347642761e-01,6.895747851668713180e-01,-6.896163335482654588e-01,-8.603144234234979537e-01,6.875290658563643076e-01,-6.880216952327884439e-01,-2.112036330206376600e-01,-1.471432176343967779e-01,6.104805197062614930e-01,3.227303588363126807e-01,3.285689483550683909e-01,3.546814270872872821e-01,-8.664019786132287626e-01,-8.240458050821763969e-01,-7.023495473166423420e-01
5.615021121509695956e-02,4.001663029795068244e-02,1.002788831763069821e-01,1.778526973833194913e-01,9.351278939993544481e-02,2.310329425030961947e-01,-4.490698282976837707e-01,-7.842488287109936618e-01,7.175063146164012418e-02,9.528386419424382803e-01,9.472934561880345106e-01,9.465541201137350757e-01,7.220380240359527968e-02,-4.894053367498387569e-02,-5.001417756663927017e-02
5.206343828246702554e-02,-5.626952826547599457e-02,2.391682721596567404e-02,-1.457600688870673844e-01,2.600502181580393035e-01,2.321881719027546476e-01,-3.797035218644899124e-01,4.668643437836117460e-02,-1.349545274597219180e-01,1.000000048813503906e+00,9.993309136600452280e-01,9.466714507611655449e-01,-2.017642374757784851e-01,2.876102511136317472e-02,-7.101317597493554679e-02
-1.421597204218246202e-01,2.357757946392744774e-01,2.162923995749127803e-01,1.207880184450492445e-02,-3.312584229825650262e-01,4.663974302360833768e-01,7.751677565172138129e-01,2.794742921353951526e-01,1.134895038054331978e-01,1.176599291920072954e+00,1.187279938343827945e+00,1.144184809618344900e+00,1.463375608826891494e-01,-1.059106914787853043e-01,-1.419083600385869504e-01
-5.050202341595422251e-01,-4.654745361611946630e-01,-5.015273748754079941e-01,-6.775615851318100846e-01,-3.591959694770069933e-01,-5.579148949684599179e-01,-1.011316500842602828e-01,-8.748871428795491900e-02,2.775532715530416514e-02,5.359784525612921735e-01,5.770271253602948791e-01,5.300093456050026797e-01,6.839527833965894921e-01,6.162835963448636267e-01,6.721885088623608118e-01
-3.327486882473049690e-01,-3.759209136989547506e-01,-3.311858109822569118e-01,-5.218914195543421508e-01,2.878959303919865764e-01,5.014723594581241839e-01,8.833506142283532869e-02,-5.677547055353528993e-01,3.528881265407193268e-01,1.372824924214756548e+00,1.347013806402989955e+00,6.186746466766303021e-01,2.960944318751707605e-01,-3.657319568298912915e-01,-3.783321901023532496e-01
-2.486858961133813217e-01,-3.130684656624154738e-01,1.663390603784825339e-01,-2.929230380416546486e-01,-7.736879497321215438e-02,-2.482436976482862157e-01,-3.392171163735969303e-02,-3.751154324596326917e-01,-4.302312746688613521e-01,8.029724745967525834e-01,1.092754256845861693e+00,8.333681410120412636e-01,-4.061763868744864281e-01,-4.124758932829489244e-01,-3.159907051708474857e-01
-2.511986854882393150e-01,3.434143553388055436e-01,3.258997776948745484e-01,3.090515657875424482e-01,3.968241748217700149e-01,-9.748733881058405104e-02,4.667071492023024404e-01,-1.289921233457581862e-01,-1.127987192594894911e-01,1.413523377365070166e+00,1.411316817037281401e+00,1.719142382390425716e+00,3.928580586131211749e-01,-3.795339333535877047e-01,-6.372758505665823692e-02
7.431065814896492538e-01,-7.488853853297908758e-01,-7.912343051007014738e-01,-2.713031760219856148e-01,7.302738198145756199e-01,-7.773059170788776395e-02,1.074479238763856037e-01,-3.513999805185714642e-01,-6.224253946579503260e-01,2.075618985928192883e-01,2.439254416850752949e-01,2.509191948062415856e-01,-1.061595812677771589e+00,-7.779061248531996542e-01,8.848336382575193726e-01
-3.951910551227389989e-01,4.970239079913902902e-01,-4.519500687292457575e-01,-4.640741658575919248e-01,5.201751519704923554e-01,3.693268017635928935e-01,-4.232715972744789390e-01,4.116809058195248228e-01,2.221256772580750549e-01,5.008032306261981370e-01,1.491708171963839424e+00,5.022024399962116137e-01,-6.032761363737427773e-01,5.979304180077823494e-01,-4.555341184662327625e-01
-7.393710323174439436e-01,6.973865477863995244e-01,7.450788735344180402e-01,-6.680983123225979758e-01,7.744527466237970392e-01,-4.832813342765401310e-01,-1.145797111090721132e-01,-1.787302916196108205e-01,4.563556300054612547e-01,3.065968419512054011e-01,1.680873297499967833e+00,1.688768452573980561e+00,7.805179304042330068e-01,7.906179388355304427e-01,6.946006560115031148e-01
7.734617485649496471e-01,6.584060031496599130e-01,6.724765532019010283e-01,4.852025063180545605e-01,-5.615690033613789378e-01,4.681889419997802282e-01,-3.592688709752880905e-01,4.310734263075275408e-01,-6.167961548706681896e-01,2.321454614741886580e-01,1.614556232965323801e+00,1.672231765796039493e+00,6.363225636121986328e-01,-6.405289635142529248e-01,6.381536017348432566e-01
-4.184327162384961496e-01,3.979207461596588891e-01,-2.765383291351586337e-01,-5.757352566676111894e-02,4.004159286205609680e-01,6.229712658858563845e-01,3.671256949536151337e-01,1.649360081583008675e-01,4.422931796394786730e-01,1.459581655130829381e+00,1.453729386515123956e+00,1.429031448791766801e+00,-3.221757015770566612e-01,2.444372958502865623e-01,-5.041343440671373077e-01
-6.458352835857407159e-01,-6.653143882561486366e-01,7.982692572740583969e-01,-8.292663967260717195e-01,2.983788108838235642e-01,-8.064855039923132241e-01,4.103474732919985546e-01,-7.612195690597134412e-02,8.894934233760238840e-01,5.400766956306918276e-01,1.461491674981645783e+00,2.968828232232125219e-01,9.420220401735086568e-01,-9.186942349717691636e-01,-8.600893108243667928e-01
6.842057919408602862e-01,-6.954127603777883193e-01,-7.086009971680466979e-01,-5.302934956072140604e-01,7.231816780696518343e-01,7.003690612017428041e-01,-2.522896358459961741e-01,-1.916617751839634343e-01,-7.388103852699150487e-01,1.672113187411437663e+00,3.103300084554555527e-01,2.771795619289443846e-01,-6.826005884671132451e-01,9.163037709229711059e-01,9.038826528891825696e-01
-7.153194642770561718e-01,6.240300391994089146e-01,7.191886003976193376e-01,-7.329567245830771460e-01,6.905977828174083566e-01,7.686344155699381675e-01,-1.588119343904646485e-01,-3.710089399086259898e-01,6.735269684468835338e-01,1.686793907633291623e+00,4.351210477977720537e-01,1.531838803954318484e+00,8.370433479880303729e-01,8.456995293247321355e-01,8.357696878887354019e-01
7.173010100066123940e-01,-6.090829667623346433e-01,-5.064278834570808963e-01,-7.974586652418033106e-01,8.182440754701693075e-01,7.201411489095924656e-01,-4.062832570043746205e-01,-5.846908193376122442e-01,-5.888967931155212332e-01,1.723539619848770021e+00,1.778213896098830071e+00,1.790194705527520469e+00,8.047723262132946420e-01,8.188262538273954894e-01,6.062486170792658058e-01
-3.637265244336480574e-01,3.577220661119699385e-01,-4.148868622000006501e-01,-4.827387329284830164e-01,-4.342063277444308533e-01,-3.890012973598954149e-01,7.502816769096402882e-02,-4.047230930754488476e-01,-5.221970797006956211e-01,6.545354522956421395e-01,5.945181299193694757e-01,6.758932130824321094e-01,6.420529324236402546e-01,-3.464459433022190615e-01,6.159952816696777633e-01
6.785433986647072535e-01,-6.471681389513220806e-01,6.022989914862523220e-01,5.208701746060686588e-01,6.615826957937021024e-01,-5.864265441861605810e-01,1.520913177903591706e-01,-1.965249050722862323e-01,4.038356630394883684e-01,3.968012912235721612e-01,1.586117163612936309e+00,3.710135569662613708e-01,-5.433584853373462087e-01,-4.006900212232536451e-01,-6.547107924904574938e-01
-7.172267177945745864e-01,4.573298528894310100e-01,-6.904027426712476823e-01,-9.059200821691448802e-01,4.711908890157520680e-01,-8.147648086631690267e-01,-3.343345819532806962e-01,2.265507498017568511e-01,5.724525795203364575e-01,3.139353161040728812e-01,3.252646562850413647e-01,4.185985071491356568e-01,-8.997808065899211005e-01,9.344915169395318078e-01,-8.732921555659449719e-01
-1.221397412512900335e-02,1.211509063773141218e-03,9.242509878077730112e-02,-8.315180826311732720e-02,7.018245342997574132e-02,2.974422709100120188e-01,-5.111084509301697665e-01,-4.067823508434310065e-01,-8.195360503558522802e-02,9.946489793784892841e-01,9.982667549728306833e-01,9.934799630352515454e-01,-3.276257579059355107e-02,3.388117426165557916e-02,1.654023006139574564e-02
4.519494311920984608e-01,3.310172018721336817e-01,3.625045879259881088e-01,6.383498302376636735e-01,3.681523086009242385e-01,2.091622198284515399e-01,1.674930145146711069e-01,3.247412537140880739e-01,-2.706346036525435483e-01,6.781590320203417788e-01,5.828840767489015251e-01,6.667678157986602905e-01,-3.253707735932245826e-01,3.387104079029851778e-01,3.324678579999235661e-01
-7.132641629205715983e-01,-9.269373501083151279e-01,-6.218388495503544000e-01,6.945554339831704338e-01,-6.359451551359360799e-01,8.073525530126804961e-01,-1.131369822217327126e-01,-2.290924995802936237e-01,3.519403688261931729e-01,4.786547934649721392e-01,3.172890714427671344e-01,1.531212017729810748e+00,8.853777413854870826e-01,6.850385880812789319e-01,8.296991357517502497e-01
6.637162395794969916e-01,5.618196729673164969e-01,7.645535219761790957e-01,-8.169051507581858163e-01,5.870923625989763472e-01,7.102987066704036234e-01,-3.409686865797384447e-01,7.705751711785194247e-02,-5.732405686952594115e-01,4.090396776260444844e-01,1.475134054842457632e+00,2.980567705939801137e-01,7.249794172565438011e-01,-6.509776303096357353e-01,-7.808474495726497322e-01
-3.657239196786177260e-01,-3.532407162398039091e-01,-3.227527091709162521e-01,4.450444144644928879e-01,1.026574022937551539e-01,3.902447804928704800e-02,1.920871112619787768e-01,-4.521787711714461699e-01,-3.187344722188104051e-01,1.370806441841490697e+00,6.642454149628347349e-01,6.321473671758048862e-01,-3.660312731389037122e-01,-4.805758230300002376e-01,3.191595500063437174e-01
7.878429770998246484e-01,-8.070882877302544278e-01,8.412372858000891629e-01,5.487869806844373199e-01,-6.133104505824288344e-01,4.241818835130222731e-01,-8.936494984012290088e-02,7.355976116661564271e-03,7.511527371739600278e-01,1.725414378291754369e+00,2.027591755719836686e-01,2.637230124513645357e-01,-6.645106122626551759e-01,7.157543275664729476e-01,7.410101435228646505e-01
-8.629794301029083264e-03,-1.447111479206912403e-02,1.072737870895077925e-02,2.527990243786902846e-01,-2.494278212888398627e-01,3.995826918582982140e-02,-1.258947898674746824e-01,-7.941627748078743387e-01,1.110263007483782566e-01,1.009928721710442900e+00,9.962628514283071723e-01,9.989595314604876597e-01,-1.369157881888917461e-02,-5.815953944656460095e-02,1.248758651077370996e-02
1.099646072843384476e-01,1.178538926700674894e-01,2.581900638844817908e-01,-6.661843045623923321e-02,-1.715576190100202847e-01,3.044386127491059413e-01,-3.363605407827630622e-01,-5.164653905672442757e-01,-1.642518250004260938e-01,1.185106980633829910e+00,8.633438922333372956e-01,8.175866887369803715e-01,2.908794357945235567e-02,-1.328788676507624555e-01,3.214910642540344532e-01
-4.707318068298146363e-01,4.680044485917524977e-01,4.841266980793350050e-01,-4.922506398274151818e-01,-6.196350411658955171e-01,-4.161445917446556231e-01,1.200606806784595276e-02,-5.480997873561921363e-01,-4.446797772609875632e-01,1.398417928665843357e+00,1.387388700004156483e+00,5.864522051216212173e-01,6.158020046895755772e-01,4.289311139012236818e-01,3.465646369771614443e-01
-4.582208548799914238e-01,5.545702963006462483e-01,6.392946254794470429e-01,3.304943979788320663e-01,-5.827220636706264001e-01,2.600837324689408425e-01,1.116522050536330052e-01,4.990623053601900283e-01,-6.071931605007065968e-01,3.983427913639285833e-01,4.494229665858457956e-01,1.445749606571048895e+00,-4.800525872324111765e-01,-6.115965711835511520e-01,4.861938981411038085e-01
5.229215985877549988e-01,4.302421803840149606e-01,5.451516232351176772e-01,5.785536674556447378e-01,-5.894864442249588832e-01,5.528329648208684111e-01,-1.141735411772658720e-01,-5.537713648114028775e-01,1.619117528728602207e-01,1.464322344966165090e+00,1.668678712456288515e+00,1.460291805046329605e+00,-4.834317909705329597e-01,-4.627378501695145196e-01,-3.287275679490285207e-01
8.231361239219127102e-01,-8.086537121911994141e-01,8.066901859598244462e-01,4.926659641346358143e-01,3.121109545606766678e-01,7.188072477102501745e-01,-4.691961921699784321e-01,3.842647560560599751e-01,-5.601407183874768103e-01,1.858870214274743748e+00,1.798540003206112736e+00,1.783907623159282974e+00,-8.038254651969612974e-01,-9.064597585683733527e-01,-7.184817602724228314e-01
-3.370716964997462206e-01,3.340523917326066461e-01,3.624001244194932081e-01,6.121328711931144778e-02,-4.387716282951206748e-01,-6.160310063652165713e-01,-4.942474269153315607e-03,-4.659382513867860176e-01,-4.227623030069024845e-01,6.619696903452960690e-01,6.389441826600311680e-01,6.398784602881605332e-01,4.032106864654168010e-01,-3.262597644984837064e-01,-3.189922707981379113e-01
-3.677340745346630024e-01,-1.301773522648467796e-01,2.128191341401980408e-01,2.536005100402825563e-01,2.151767979465871450e-01,2.727246851358125501e-01,-3.210495149777382040e-01,-6.167304054021750803e-02,-1.196897201738663652e-01,6.286676351716314892e-01,1.184034710084014286e+00,1.381900470346404619e+00,2.931231335682050188e-01,-2.297417852328826338e-01,3.304047007316839313e-01
7.673047712598791703e-01,-7.855296863572375221e-01,-7.541771851812069105e-01,7.420910851736824965e-01,8.526095262512515260e-01,4.358207245934059282e-01,8.912684060134042074e-02,1.140701397219589103e-01,-7.502416231757987886e-01,2.064357511769788767e-01,1.741953007400066644e+00,1.812400559571077707e+00,-7.952178751083051056e-01,-8.213025287028135057e-01,8.798949091277108447e-01
5.616010850842161339e-01,-5.915117973327495005e-01,-5.423497174738224347e-01,-4.712248570527039493e-01,-5.771028200602639213e-01,-7.206465477058840996e-01,6.385205369022953215e-02,-4.152132635667518668e-01,3.892946124370191829e-01,4.373862710993582925e-01,5.153869795060377346e-01,1.481425072217006811e+00,4.827986765527854107e-01,4.892724888693653074e-01,6.320962080508666370e-01
4.544913158657208352e-01,-5.290056661955986339e-01,4.615264753183628277e-01,-5.507305419386183676e-01,-5.120027769273833851e-01,6.207854852300697113e-01,1.608466776608643012e-01,4.574856799560706594e-02,4.908682085451275823e-01,5.373251501524761720e-01,4.965001472484045220e-01,1.456788005440767808e+00,-6.457781786020646564e-01,-7.689145606649533393e-01,6.927428077506192494e-01
2.485986144355863126e-01,-2.242575640515813984e-01,-2.691394137874504322e-01,-3.430177459664301987e-01,1.203647846166228941e-01,2.611682916507419017e-01,-2.385980731605395755e-01,-3.041565055958776465e-01,2.026500719135624629e-01,1.276197461606799255e+00,7.711977595730492574e-01,1.289362055698900500e+00,-3.056605705291015607e-01,2.333737400355636871e-01,-2.247270257733449128e-01
4.374420370087588571e-03,6.677043540982587067e-02,2.376324652306380583e-02,-5.615054083773149407e-02,-1.606949411039236830e-01,-1.775739953719811526e-01,-2.504220147400569307e-01,3.630019995200808869e-01,-1.736276572614933456e-01,9.999180077393162724e-01,1.104734395840373473e+00,9.670545847784615123e-01,-2.320779247746504806e-02,-2.560162971975249360e-03,7.902135837824621201e-02
5.179471004592997030e-01,-5.601434877935828061e-01,-5.233302182814265624e-01,-6.766525562674812200e-01,4.971716247294206137e-01,5.069667465970485454e-01,2.214174403160854843e-01,-6.925020119140491426e-01,-1.280735504552454607e-01,4.032062737616076142e-01,1.532370097141398713e+00,1.525462398063424319e+00,-4.263836810532649624e-01,-4.819291269753641638e-01,3.258360825990490595e-01
-7.455276253324468749e-01,-8.266689235076267739e-01,7.191861328285708010e-01,5.306276336666494453e-01,6.931659132618658292e-01,-4.997820205028748464e-01,5.521651108438425659e-01,-1.510684712685577691e-01,3.247840222210722771e-01,3.457482973271264193e-01,1.864170156918600663e+00,1.655710983586055729e+00,-4.602142502304411020e-01,-6.897143849841268493e-01,7.869198447625604942e-01
3.584571360402309947e-01,3.976174378945990240e-01,4.440363771348389554e-01,-2.901457049985241010e-01,3.470077114808181040e-01,8.764264430636388159e-01,3.878269874756032909e-01,-3.210940399681881940e-01,-5.201261424752596785e-01,1.390996514248318716e+00,1.357212108803060202e+00,6.006879131228074487e-01,3.295344520290845458e-01,4.575443869375383499e-01,3.911328657773107675e-01
3.692605092031681080e-02,-3.457912053093665367e-02,-1.057367565273463830e-02,1.155298784588271038e-01,-5.685434987581092919e-02,-1.940504788407206305e-01,7.598161365082125585e-01,3.762663684455157531e-01,-1.663946088727228604e-03,9.695361062132992203e-01,1.027025216333559365e+00,9.674306353480519594e-01,-1.548759103375587087e-01,-8.103906427220651520e-02,8.701154205507267980e-02
-5.721286654448617254e-02,-1.197814247352558953e-01,-5.689068959081762522e-02,-5.347292582027388108e-02,-3.034305171583800420e-01,3.682937782179854791e-01,8.425967170330290745e-01,7.278167617529374134e-01,8.016306886835669610e-02,9.111344418115777666e-01,8.891633441466834098e-01,1.094415346172105785e+00,9.466859048041230407e-02,-7.227221506005480911e-02,-9.780813718321988703e-02
-3.788195371548834234e-01,5.514949421724235634e-01,6.513374439553067941e-01,1.287625351921125316e-01,2.935208260798520818e-01,-1.383881069055183377e-01,5.998289467178715695e-01,5.331153308778100591e-02,3.084275147479231260e-01,1.446863525605545098e+00,5.911769434984889271e-01,1.684175571153749607e+00,-2.172192662762945925e-01,-5.235572149519858165e-01,-2.215933494174372187e-01
7.209454014004125222e-01,-7.576437291331464818e-01,7.501633424277374118e-01,3.016055252207199833e-01,-6.643875368789936564e-01,-8.263339715486844872e-01,-3.290524927994444293e-01,-7.401943385405464204e-02,-5.995508832653556608e-01,1.721219846841675949e+00,1.791574620414125629e+00,1.747574469427940036e+00,9.234979783770413952e-01,7.202693536359220383e-01,7.734887055022942048e-01
-1.317103286051375388e-01,8.994387612767137941e-02,-2.928806712928605158e-02,1.945622029556769439e-01,-2.899231342253467125e-01,3.593980579066137215e-01,-1.231676467817464371e-01,-4.415965193157703195e-01,-2.701923455737392787e-02,8.785751005531232671e-01,1.121225067451994351e+00,8.912139865200329192e-01,-5.237618088762373975e-02,1.006884209539618408e-01,-1.070135530013896913e-01
-5.243367018827347348e-01,5.068139633019661527e-01,-5.241931085742959073e-01,-7.764837953051492159e-01,5.439169874923175385e-01,-3.548667669472823083e-01,2.798327090795304367e-02,-2.816181697142015605e-01,-5.000673454315343047e-01,1.484746189743835210e+00,5.153517386238011255e-01,4.872327146449615398e-01,4.816472182788318901e-01,5.999148770180237067e-01,6.968361196190119289e-01
7.745916668922080139e-02,-7.413768692406005889e-02,-7.085654827452142479e-02,-1.380960697927887011e-03,-2.235336662463298651e-01,1.261673496355477861e-02,-6.933166169323390360e-01,-8.326072954123195369e-02,-2.218307448304525017e-02,9.137630855978334798e-01,7.922750514518076548e-01,1.067218130941335108e+00,9.299199726509536912e-02,-4.943705414172384210e-02,-4.993623355905475042e-02
-6.939628694021319211e-01,-7.055797246968700254e-01,-7.205354002327445384e-01,5.101612139630926634e-01,-2.262072681048988010e-01,-8.117088258214569807e-01,-1.371384219300268992e-01,9.907848275453906561e-02,-4.029411868922625484e-01,2.838349884572451409e-01,2.951157590513318052e-01,2.837725180258535707e-01,7.956991989378695562e-01,7.765459183623217854e-01,7.945514175225532050e-01
7.026472612375731508e-01,6.235866429299009583e-01,-7.004750523284166697e-01,-7.255702791804616858e-01,-7.537073485708150056e-01,-4.947470354902720469e-01,-1.086023258961004018e-01,-2.758645401664794883e-01,-2.866128793104086858e-01,3.842095619765321102e-01,3.252839310147845886e-01,3.752474653898603130e-01,8.747910520117077038e-01,9.194341743253109378e-01,8.997783201490744398e-01
6.756894422393351363e-01,-6.729319916919759281e-01,6.640321955752753746e-01,-7.269544827295606471e-01,6.804206661711457160e-01,-5.993029697064593542e-01,1.573029874631944602e-01,3.625417165983630396e-01,-4.219862350133890549e-01,3.952046487026322774e-01,1.657471244347050954e+00,3.553646263293813723e-01,-5.738044748428916542e-01,-8.122459847723724202e-01,5.931008077775622445e-01
4.300745722632262624e-01,-3.931832409232695058e-01,-4.681247665587134899e-01,5.241169985352780447e-01,-3.508027751652430526e-01,-5.005039631243257681e-01,3.346610407067230342e-01,-3.122217044365771521e-02,-4.462810822162087687e-01,5.957459417431452131e-01,5.324392025998621047e-01,5.384363009314988568e-01,-4.791265672381634366e-01,-5.994680177846076763e-01,6.471226596802627240e-01
-6.096512579113340102e-01,-6.435257351576546547e-01,-6.272194355650303477e-01,-1.248367445733911951e-01,8.079139328806131948e-01,-5.427991645308251067e-01,-6.863597123996023619e-02,1.846735416991317491e-01,-9.289948056218254591e-01,1.615840743685833081e+00,1.559439846152266052e+00,1.483019733905757587e+00,-7.038632637222076438e-01,6.325626359051295111e-01,6.880116903894812896e-01
-7.837402144360759992e-01,-7.627118962112161560e-01,-8.298069531716246727e-01,7.044909145143094520e-01,-7.163791590129878761e-01,-3.483376403456056591e-01,-3.752329054343210291e-01,2.080746216239074686e-01,-7.066320181540846068e-01,1.728963956214339071e+00,2.184569220354454500e-01,2.615830315859375421e-01,6.707854147373580878e-01,-9.117076182475698509e-01,-8.458244517890459724e-01
5.447370028694941135e-01,-4.044143359745962507e-01,-6.192139128134415138e-01,3.491867558127264570e-01,-3.954245123454463440e-01,3.090432958525322071e-01,7.705049215426034159e-01,-4.125156204246354652e-01,1.659338671467651127e-01,5.106727939684539974e-01,1.655288828000592627e+00,5.571254531148642775e-01,4.278312171956047405e-01,3.750154217936953471e-01,3.913236000608236176e-01
-1.124316108096933831e-01,1.336933713884446151e-01,2.257049274407402217e-01,3.646034838240791998e-01,2.362394101468633101e-01,4.010464582978750525e-01,8.665602585202580865e-01,1.214522969959831861e-01,2.336315365790857246e-01,1.132786785796074724e+00,8.561423106122111326e-01,8.253813840573313021e-01,1.721761907179752971e-01,-1.627662186856816684e-01,1.143027472389388649e-01
6.830599756889817013e-03,5.740796057668694913e-02,7.718895713627657584e-02,1.206723576295993944e-01,-1.224111894623685498e-01,-1.932159565650733157e-01,6.597506024834781657e-02,-2.730329869441517343e-01,1.427337691007119769e-01,8.915861681189917176e-01,1.000686785008374491e+00,1.132132092836097392e+00,-1.966303578828436094e-01,3.293855600786403937e-01,-2.304223400345187939e-02
6.841681988239537437e-01,-6.628522872657991449e-01,-6.112941528693486282e-01,7.511329481317819967e-01,-7.874390488377372987e-01,4.045464210894435531e-01,5.516740772410319016e-01,-1.808706215491863167e-01,-5.665395091048551768e-01,1.628812172014096893e+00,3.570865834309875364e-01,2.157852373768844867e-01,5.450817984297604557e-01,-7.667375422182014510e-01,-8.761020419085182587e-01
-7.262700477199012239e-01,-6.198152392789946230e-01,-7.321488116008193492e-01,-6.224092952750317487e-01,6.216806845592313113e-01,6.353958660604843711e-01,-3.149531174643589032e-02,-1.812675297446136521e-02,1.132306595114630221e-01,3.273197500076440725e-01,3.230028742244929751e-01,4.225940995871740880e-01,1.030934199956578645e+00,1.065262328090063049e+00,-8.597096901402733193e-01
7.297091339683657862e-01,7.174939260405006625e-01,-7.338207478992168076e-01,-5.478267632804871834e-01,-6.900888645828749945e-01,-6.993038491695751091e-01,-1.779974490242889062e-01,-2.143015367536289795e-01,6.517816800232545393e-01,2.423126607090819451e-01,2.970935346832687673e-01,1.677774259289750214e+00,1.009515352590345527e+00,8.420199006027755395e-01,7.018220396032555097e-01
-7.532162985916086573e-01,-7.124971935633932496e-01,-7.558660311623812689e-01,-8.154937910072505014e-01,7.812772572709054675e-01,-6.941479925629020498e-01,2.418102561379269766e-01,-9.863300158593157896e-02,7.087811055901006574e-01,2.740911782869289159e-01,2.720920363401312381e-01,2.241822176476429840e-01,-8.091932694235742796e-01,-8.084965210658782153e-01,9.776152032470094566e-01
3.985583755350586288e-01,3.738778451935178548e-01,-4.181228621026508718e-01,-3.742560311975587362e-01,2.954785735140348923e-01,3.320622656722828081e-01,-1.545595007099140605e-01,-5.687853078318547140e-02,-1.696764077379426527e-01,6.265432917271718249e-01,1.351682287199359900e+00,5.592222999990944521e-01,4.803524682250062128e-01,4.637213136579657058e-01,-6.779556631195208238e-01
2.114492447148554333e-01,3.043863068475495814e-01,-2.677952157555205104e-01,1.984162119603798957e-01,-3.912137581952895848e-01,-4.426436565337493190e-01,8.980158504294344368e-01,3.429768254309290554e-01,-3.119127003873022885e-01,7.016815659377625414e-01,6.950777552046943919e-01,1.266874497899985741e+00,-3.684201328425218969e-01,4.477400897415450554e-01,1.648353573084429813e-01
-1.051717128395265044e-01,-5.970018462540969267e-02,-3.505151431115677979e-02,4.809220716945401819e-02,-2.582242089712205035e-01,-5.433814534736201157e-02,-2.050421043704235280e-01,4.960600774736168561e-01,3.513135260595657283e-01,6.784282115971480565e-01,9.846044386654928537e-01,1.172646367095406372e+00,1.903803416150942895e-01,2.374148839620950080e-01,-1.266572952657873397e-01
-2.917242892802299203e-01,-2.875055717858172044e-01,-2.272296704091830433e-01,2.494467222654503102e-01,-3.243436025330834749e-01,1.925429174402450150e-01,-4.578492532974877127e-01,3.512438302247491984e-01,9.348920679663771938e-02,7.273576638448787657e-01,1.277767969960341699e+00,1.266602293650392230e+00,-2.978792346441282435e-01,-2.255754515611634037e-01,2.898056721705269956e-01
-9.987987438284975927e-02,9.068694301249322076e-02,1.842374739182046084e-01,1.639689996324610044e-02,-1.035720232799380719e-01,1.102201383626490588e-01,-2.466285187472130186e-03,-2.753345158871279286e-01,-9.016648263196315460e-02,1.061539530212676663e+00,1.060883794879994291e+00,9.314976701161319372e-01,-8.844258162693918734e-02,3.353726631471135727e-02,7.762847012131109115e-02
8.863450767436439337e-01,5.979195484978595543e-01,9.215547172332084758e-01,7.191876534842819302e-01,7.498950228322919243e-01,8.840183502803614646e-01,-1.455868264753130102e-02,4.246329770828762701e-02,-5.346315313798276625e-01,3.425956854006240726e-01,1.716182656906278803e+00,1.694167452957027420e+00,8.186403904521172281e-01,-8.989330106467856574e-01,8.943069879606935224e-01
3.499143387712765896e-01,3.141722162376680005e-01,4.004879139665625254e-01,5.150594197018867337e-01,-4.120504828976942480e-01,5.998622880345014785e-01,4.950985670726579246e-01,2.089164513460816178e-02,1.256842182907515482e-01,1.328448646036163083e+00,1.320861369952455178e+00,6.265802767277948160e-01,3.374289474177950554e-01,-4.582975887507270696e-01,-3.461447994193406208e-01
3.087106436351252925e-01,3.108754925388521606e-01,-4.182074154420538092e-01,2.014298940698730500e-01,-1.877254913299586034e-02,-1.009395206841700310e-01,6.979559257044788412e-01,-4.923719015498417284e-01,-2.889984888898962101e-01,1.306691404043016425e+00,6.829911002742705683e-01,1.347418584707214428e+00,-2.669701775010039357e-01,-3.090385174133532531e-01,-3.212537905414559192e-01
-1.018554280205312829e-01,2.586880868565312741e-01,6.344110862855283084e-02,-1.301582954268755143e-01,-3.130657606617704980e-01,-2.528348964327897797e-01,-9.471333292910306956e-02,1.920137701810165631e-01,1.289687830761851450e-01,8.211167688528406838e-01,1.056917596149277161e+00,8.047135809261862782e-01,1.186421139431878963e-01,-1.673041853992734140e-01,2.235187125125160379e-01
-8.399717046613797145e-02,1.148689776767071180e-01,-1.091610237282366197e-01,5.931754261943019552e-02,-3.635267671142498186e-02,-7.209957909235147067e-02,1.659278937293230671e-02,-3.442608312667441717e-01,-3.029106402050473629e-02,1.132081149467222936e+00,1.130410722280087210e+00,9.061774234984896204e-01,2.428774492118248030e-01,-2.008999197350568033e-01,3.514222184228835699e-01
5.448581123196402087e-01,5.291265218463457876e-01,4.807147805047821687e-01,5.815409928539815310e-01,-4.137390865780964377e-01,3.282487023042480190e-01,5.026001212227511061e-01,7.245459347814793560e-02,4.209311355667583743e-01,5.076025006041611221e-01,1.553185022240044288e+00,1.633586735057606321e+00,5.363394955180157408e-01,-7.510433407621528445e-01,-6.293846411268122498e-01
8.131783845526492638e-02,1.534524998526373141e-01,-1.334024060419185809e-01,4.275885459634004571e-01,-3.738091100962572799e-01,1.495222214971686781e-01,2.786647379809232272e-01,1.806707523943650029e-01,-4.129373054121100450e-01,8.943505052566204094e-01,8.448618637732976389e-01,8.339507311365994546e-01,1.381360162666392666e-01,2.934682961715956440e-01,-1.225130937552293409e-01
6.255878718231863145e-01,-7.340249731327258553e-01,-7.270586097827005378e-01,8.972330052563695091e-01,-8.631185320871889166e-01,3.989639097213335539e-01,3.371085345509705067e-01,-1.793825622334734027e-02,8.197459930157395824e-01,1.612888160059106735e+00,1.426113411609859494e-01,3.051642454412000771e-01,8.345152686555467048e-01,8.835992124880970300e-01,-9.704659018156206463e-01
2.069096068455193727e-01,-1.961541716613006969e-01,-3.911366400072625593e-01,4.557689106460524608e-01,-1.801632757645334482e-01,-5.287635538966445337e-01,3.953043717673365154e-01,-2.731480927176185292e-01,2.636322750614326638e-01,6.369902267018918707e-01,1.179456546857968746e+00,7.996148617475723475e-01,1.904920387019573558e-01,3.100506344034167916e-01,-2.837668919454127692e-01
4.329107399018159996e-01,4.197484184406511942e-01,-4.871494760272152003e-01,5.382866410944191493e-01,-4.664412347181580709e-01,-5.331616489276030935e-01,3.048522564000363810e-01,-3.683461500908123409e-01,-4.370355108576604586e-01,5.717783178592249493e-01,1.421594938225033244e+00,5.675040138771348941e-01,-6.037705554457734047e-01,4.397380704567908083e-01,5.491020376134437830e-01
5.805040791304520997e-01,-6.787276273002403881e-01,-7.128225370082206247e-01,-7.308665342705291668e-01,-8.022111518597718760e-01,5.866550449504969178e-01,-3.727393308994244592e-01,-1.902774627214336711e-01,-4.658226969153718144e-01,5.077233929579082483e-01,5.138785374828869212e-01,3.484627170708396449e-01,-8.048835324780995171e-01,-8.220425594269334946e-01,8.721128165724509884e-01
3.529000294706739482e-01,5.037365242113154284e-01,-3.727266950100078802e-01,4.750112995888768341e-01,4.115626909238193631e-01,-5.437284102109860573e-01,1.348316452169233404e-01,-1.767217643843665698e-01,2.292048890800234551e-01,4.982150083998960755e-01,1.439781859215406135e+00,3.958842750996783844e-01,-7.238453119624362886e-01,5.752230578976568198e-01,4.534473366231688840e-01
-5.780352074237770088e-01,-5.286420685247797957e-01,-5.563876610848331739e-01,3.930309220125294267e-01,-8.723763776398479886e-01,5.734034553290997538e-01,7.403925018529458058e-01,-2.303874717183757859e-01,6.958165321470612952e-01,1.631089594853847302e+00,3.671554031914504024e-01,1.466852645731295590e+00,-6.468037626663094564e-01,5.810541916799663031e-01,-6.218094107396964221e-01
6.083490451547586275e-01,-5.804739779375884812e-01,-6.244232747658829963e-01,6.438046026222650209e-01,-7.741477103795522119e-01,-5.678318512654948469e-01,-4.334132602829894321e-01,-2.936699274703996609e-01,5.433751314990719061e-01,4.045111210883992059e-01,4.237192492876408201e-01,5.632462508418581981e-01,7.910988922788126931e-01,7.457162263001485547e-01,-6.682669588672304206e-01
6.292570772558303549e-01,-5.717046149573410396e-01,-6.732493032121874554e-01,1.851228778673665587e-01,5.537656255583037757e-01,-7.057466998744948983e-01,2.478118656336931735e-01,-5.846147043404518323e-02,-5.686645608937445084e-01,3.740767152083183111e-01,3.452140026004649753e-01,3.843662939665010714e-01,-7.927266326000924623e-01,-8.490340341640889577e-01,-7.357262407763504042e-01
-4.987495943806138921e-01,4.713183620367878413e-01,7.450531540076573700e-01,3.937725731760688408e-02,-6.326108546256306031e-01,7.564815271564009902e-02,4.677795435978810423e-01,2.814289768824203009e-01,-4.720777522092614031e-01,4.307331086610933779e-01,4.102566827257143056e-01,1.559836352819970573e+00,5.736788881994294709e-01,-6.397504383526319005e-01,-7.091039439386059851e-01
5.537218155814166431e-01,5.800964235664033408e-01,-5.871173421080938537e-01,-5.251054041853159271e-01,-2.636440155631589177e-01,-4.709129973028617910e-01,-3.017953120602507866e-01,-1.292994467895582367e-01,-3.560579992370714320e-01,4.422356913297990078e-01,4.625764567473343858e-01,4.017052041451892874e-01,-7.475763719718772071e-01,-6.289720450962467124e-01,8.406626867612686516e-01
-8.275511232593585342e-02,8.295913250928599325e-02,1.266084675352114608e-01,1.293079186083869181e-01,-8.638022595590838515e-02,1.465334870280466939e-01,6.933713706909060137e-02,-2.170959480265279296e-01,-7.540390518767331463e-02,9.047335339227988715e-01,9.146472663389109137e-01,9.149845655227053509e-01,1.052269347010842543e-01,1.088692851439288095e-01,-7.395904490144648846e-02
-3.969988709293048590e-01,-5.300292917153783812e-01,-3.514830298569060485e-01,4.896284650818372164e-01,4.814058026824895586e-01,5.368586446727954264e-01,-6.032001526021024684e-01,9.621159107021511891e-01,-4.172994544841620579e-01,1.390134809512767244e+00,6.041790976820489156e-01,1.493528635893103251e+00,-4.911224187404584218e-01,-4.766668747788078697e-01,-3.852434534760266205e-01
-5.539471401746266510e-01,-6.384277899373748122e-01,-5.344497288489864495e-01,6.716369948248628319e-01,-5.717097211246305877e-01,5.111108224315404902e-01,-1.667786412643986471e-01,3.986177828879865492e-01,-7.675973653811420938e-01,1.634688558296513161e+00,3.711384357107909149e-01,3.685057087686849919e-01,-6.948773633277424144e-01,5.673952857510691228e-01,-5.794772423175658105e-01
5.388395634212495011e-01,-5.673620694225576244e-01,-5.894674925397374032e-01,8.361436918520597228e-01,7.733674685593034948e-01,6.604592953091601437e-01,4.933947027673296626e-02,-5.323260384926676858e-01,-1.020040887459553680e+00,3.268590155889723459e-01,3.404981490892077800e-01,1.576441765922601768e+00,6.576480374278084184e-01,6.149850298997776576e-01,5.759695219807445810e-01
-7.476585824214682097e-02,7.191260639466370841e-02,1.075637767813489160e-01,-1.750737305287647094e-01,4.388839917876736357e-02,1.420551978406523752e-01,-5.282390171539212975e-01,9.278781383347027845e-01,-1.084006965763196495e-01,9.351367411201313429e-01,9.175800818011529136e-01,9.179818072034403587e-01,-3.735915747586617680e-02,3.224568455418315438e-02,-8.000274222077298492e-02
-1.518161164002878039e-01,4.125071170311068319e-02,-1.524832377117915361e-01,-5.737057806847409291e-02,-3.175249083990653309e-01,1.442667234591004377e-01,5.672098272132430896e-01,7.705180013482773038e-01,-3.895047414053844359e-01,7.755108888414045110e-01,8.548988105114807556e-01,1.140328213345982888e+00,3.013420529232259670e-01,2.204749598564608448e-01,1.138263484652440455e-01
-6.368585652540403874e-01,6.777689232284110910e-01,-6.529194600785288571e-01,-3.026035230572802770e-01,6.327987192332704680e-01,-5.365737347284554870e-01,-2.368538197980286641e-01,2.317242352084204204e-01,-5.302113294790764542e-01,3.557279470826644752e-01,1.635073394990923967e+00,3.415942707269136180e-01,5.869804549110336778e-01,-6.425303438313939575e-01,-7.285410927455401309e-01
7.424111401000605959e-01,7.371750456595874690e-01,-7.308450630828472461e-01,9.122397475162338232e-01,9.476975367018570795e-01,7.078747703389716150e-01,-8.557369957620605816e-02,2.594452531114443961e-01,-6.662313634667802464e-01,1.636071743621261509e+00,1.693623323372629663e+00,1.713503589383835068e+00,-8.857171430801432654e-01,8.416467177816340239e-01,8.990745976050263932e-01
-5.499909523941220318e-02,-2.434626426878462330e-03,3.615165393808998651e-02,6.879242035335714212e-02,2.363224137343870185e-02,1.418397092679098692e-01,-1.234446919428234118e-01,7.794987492141394192e-01,-9.410413027433363331e-02,1.005854401245394047e+00,1.005841563111645298e+00,9.569747359944299481e-01,1.758531131207699246e-03,1.446865093285460042e-02,-8.010527523548049077e-05
-7.238565515954210605e-01,-7.307376679872008562e-01,-7.179457496677278394e-01,5.455749390248321173e-01,-7.319610031261857275e-01,-4.524827117626757378e-01,1.451676051807471446e-01,-5.767029436041452156e-02,5.778729614902198275e-01,2.708845204198970791e-01,2.923229939276709710e-01,3.009280764387306517e-01,-9.325551372669383943e-01,8.593814852506694857e-01,-8.013714920879507764e-01
2.639770744345790177e-01,4.586025068479959027e-02,1.707769194420608316e-01,1.113303948382273340e-01,-2.996783547786695534e-01,-1.752395856758220405e-01,6.285045599382971249e-02,-5.945595732510859932e-01,-2.643590004022678963e-01,1.237970609093884677e+00,7.605594454704042162e-01,1.144898308776108653e+00,-7.272167394143745633e-02,1.484310874773950295e-01,-4.509711982263391733e-02
1.345523121643272257e-01,-1.189548548891527641e-01,1.343808830596382176e-01,-2.221343807127501568e-01,1.296752671699365200e-02,-2.218056053197150490e-01,-7.564068536711714141e-02,-5.613280878515761740e-01,1.462818167242372069e-01,8.902250144863226300e-01,8.677350084461938895e-01,8.617188335250819398e-01,7.800574825645172072e-02,5.270288698225358837e-02,-7.351410267475357030e-02
-5.840284921507044036e-01,-4.348998871117967790e-01,-5.926169520455800699e-01,6.532877769394788148e-01,9.011144550256593444e-01,-6.926882098216436967e-01,4.444428045895159052e-01,-1.853636270129027097e-01,-6.652510209987380074e-01,1.633998166587749434e+00,1.701232764057778235e+00,3.074070063386762919e-01,-6.564253325651077109e-01,-6.918658607160026452e-01,-6.516383041816524724e-01
-7.704503541401928890e-02,7.244854702290980109e-02,9.573814469336275335e-02,1.644666973940125398e-01,1.291912681125915729e-01,2.124389074794073851e-02,3.148323067894385763e-01,-4.633836102284282221e-01,-3.673668637952838545e-02,1.071748750163198594e+00,1.089722318921280131e+00,1.073814730557671515e+00,-4.450533237928200325e-02,-7.897836242761452352e-02,1.222428806628566150e-01
8.217863960434124149e-01,-7.491896277001036664e-01,-7.241121391191857048e-01,7.416828300234898919e-01,6.711228014753396476e-01,-7.103531648457072079e-01,7.424301942203298532e-02,8.107663830857467779e-01,-7.930490448624033517e-01,1.756050854596069799e+00,3.743484802701288472e-01,2.985140971509553376e-01,6.186152709218122325e-01,8.194791176282066880e-01,-8.947595809399673250e-01
-6.648946522867654751e-02,7.537040328395298860e-02,-2.756783750934227450e-02,2.470664111136090801e-02,-6.386743151965611209e-02,3.089027777983617273e-01,-5.091932993677209529e-01,-6.468204768788349268e-01,-1.023248540400547163e-01,9.341573993676565157e-01,9.222284541141131387e-01,9.235510689770157766e-01,6.083462603857785894e-02,-7.825218865105994237e-02,8.486959693398357651e-02
-7.485424437151593224e-01,7.957970808878880309e-01,7.230406865623042467e-01,-7.651723328828849979e-01,6.038086418344508211e-01,5.312863734794844861e-01,1.484851397270531281e-01,-2.752774497416022870e-01,3.214361546324036034e-01,1.934161382269282692e-01,1.673145594397072555e+00,2.837560234199222320e-01,6.138084722084882205e-01,8.658666808522426095e-01,-7.653918936455983424e-01
2.974077678333461594e-01,-3.249385917287558878e-01,-2.501851310422552044e-01,-1.367280486301717390e-01,-3.809901795203443631e-01,2.905968286469446937e-01,2.490835307383870989e-01,8.535703617901216345e-02,-2.396695345706626179e-01,1.294100237014129018e+00,1.293524194493331780e+00,1.296214074285054751e+00,-2.838750567093835109e-01,3.001636976495762887e-01,2.976149189484305624e-01
6.362125680803809580e-01,6.783107762167366328e-01,6.705671692137706863e-01,7.587376098233358235e-01,-3.890974019102487746e-01,-7.023423442008489559e-01,2.612220072221994593e-01,-1.387490181568912240e-01,4.499647586426985257e-01,3.390434490007880330e-01,3.308614272271250267e-01,3.279201799245589077e-01,-8.999855619003542806e-01,-8.949507453127441003e-01,6.230965350574300121e-01
4.686830869614999617e-01,-4.522943869324407284e-01,-4.577321502247040930e-01,2.417662817911705730e-01,-2.911695425020545680e-01,-6.367597052325492113e-01,2.676581480567590682e-02,1.005865458744339413e-01,-1.087622350783573055e-01,1.463496223065576807e+00,1.445205773401878169e+00,5.203879842722077820e-01,5.897038697154889375e-01,-5.938123298489511592e-01,5.865888081564748502e-01
2.789573953832098496e-01,2.688124766623288808e-01,-2.269673856596376438e-01,1.662385501765304419e-01,-8.345645585137778655e-02,3.653126872072191555e-01,9.149291106422419162e-02,-3.357633551773154257e-01,1.676048083381284359e-01,1.279750781829592787e+00,1.231222846210095367e+00,7.195883065488879460e-01,-2.600805070509825678e-01,2.317914253297279348e-01,-2.865070690660956321e-01
6.361070314638986867e-01,-5.938587212230106438e-01,-7.197381846556134555e-01,4.904751101914027744e-01,-1.784179742424293336e-01,-6.464165966190771329e-01,-1.533547575401501828e-01,1.313998035690037702e-01,-7.934223774318899247e-01,1.679212272515472781e+00,1.682007557116934615e+00,4.222390341102355005e-01,-8.557338068875529613e-01,-7.967692074909603628e-01,7.671560160320930466e-01
-1.785453714934970596e-03,4.139474492925162424e-02,2.391153521430652157e-02,1.204474502401847447e-01,1.469292022693774458e-01,-9.718542329044164985e-02,9.456790374614000572e-02,-5.215937321595158771e-01,1.392494331709366595e-02,9.990565863219977860e-01,1.000756980496820825e+00,1.002803774247025936e+00,-8.866875286024641228e-03,4.397075188702437298e-02,3.105599833239891180e-02
3.308376626385579888e-02,-8.634594405490267355e-02,1.135523181398659931e-01,2.953841505152368097e-01,1.285937164715907910e-01,-2.010985297736992139e-01,3.621470468448077518e-01,9.260689725033757758e-02,-1.498450353711427985e-02,9.380581053433402205e-01,1.034316416951769568e+00,9.980572695615318457e-01,2.457239023519280363e-01,2.289660779911980443e-02,-5.070180251380444758e-03
4.981330415830061420e-01,5.045655604788243931e-01,-4.821921738543685221e-01,-2.717039846086010679e-01,4.101451283943131076e-01,-6.312127139209015025e-01,-8.730104564147464496e-02,7.096250371624783781e-01,-5.205792779789218949e-01,3.805003011086670051e-01,6.816584710333962738e-01,7.043903178264236953e-01,-6.476449195363285227e-01,4.634194106641633115e-01,-6.384118443824493561e-01
-8.096961263339174097e-01,7.859254879227290935e-01,8.136294960575740642e-01,-3.149436254345645003e-01,5.304521215685882307e-01,8.042866934589757433e-01,-4.443333383874068510e-01,-2.687538264256089660e-01,-6.925713892572599173e-01,1.551597260637526565e+00,2.108542284599426164e-01,2.228139261695438189e-01,8.484830851273716945e-01,8.423267840359237590e-01,7.547606260391830357e-01
3.728387867430536518e-01,-3.764316565587468300e-01,-2.923342076189742733e-01,3.875152865657541246e-01,3.955412048160845684e-01,-3.309117769201091463e-01,-1.536812386854778667e-01,1.254319504652124384e-01,4.755312606071401826e-01,6.262262615771246876e-01,6.271071828561985972e-01,6.164687497564029783e-01,3.658967321577527021e-01,4.966459856115760796e-01,-6.083289962847630017e-01
-6.884121926089618038e-01,-5.841381780808646562e-01,-6.907277488478311689e-01,-7.869341981888412496e-01,7.465726857154094676e-01,6.199220811094041661e-01,-9.773179945823066983e-02,-1.592821547013719141e-01,-7.384047146075988222e-01,1.720733424555341617e+00,2.852422459063531646e-01,1.778565621600533442e+00,9.218583466786651748e-01,9.295101399199164893e-01,-7.929891255595857835e-01
-6.883992200213515655e-01,6.719876749828138651e-01,6.417703465443780342e-01,7.742658122784423780e-01,-5.697369468339482657e-01,-5.338947771371919115e-01,3.784511609940487964e-01,-1.050604138822888306e-01,4.593234246742195492e-01,2.229008123625733084e-01,2.548063052171596343e-01,1.433324617968621872e+00,-5.551964505071552702e-01,-4.562754602236548940e-01,7.332575378366904539e-01
9.319824009056226766e-02,1.075619582433144927e-01,-4.990133542532124850e-02,3.171953683253792566e-01,-4.950654559438569940e-02,1.885486945826807259e-01,-3.432520551254756302e-01,2.864570212513813940e-01,-8.707951819345634281e-02,1.091329503227220998e+00,9.049201076121741183e-01,9.102721753733078458e-01,1.133711296966628812e-01,-4.950649860834886729e-02,-1.042684110148695276e-01
-1.740149034889990898e-01,-1.701338979745366797e-01,1.527212192946219571e-01,-1.859532236151945905e-01,-1.671644735526819081e-01,2.851593540901331547e-01,3.674059392726598539e-01,-6.554050296762657934e-01,1.604076187950024268e-01,8.888670091362790293e-01,1.182398047282496423e+00,8.330655881243342886e-01,1.102230354340536927e-01,4.014016466865563126e-01,-1.133982752947556016e-01
-7.812370728378861262e-01,7.136662723586557622e-01,7.808631646639166979e-01,-8.162304932191321027e-01,8.819909643392827014e-01,-7.319647669820465996e-01,-3.733927052922993428e-01,-2.882853955491602171e-01,-6.209096828283402481e-01,3.004601516354978297e-01,2.414128317192338058e-01,2.688740490536992156e-01,7.393624283575712663e-01,7.651136236643075739e-01,7.604108598001384500e-01
-7.917080073860221709e-03,7.513600678258959033e-04,9.275792082297840135e-02,-1.405486526923445112e-01,-2.289330534763998545e-02,1.530454607066964179e-01,-1.486168463805171147e-01,7.179300974006582736e-01,-1.192007494691256081e-01,9.270605071614548276e-01,9.247662847848469037e-01,9.819368416383388309e-01,7.089897468999539765e-02,4.408078580076611741e-02,6.429038788929689052e-02
-6.940876745681724413e-01,-6.354766728520047092e-01,-6.724614018956296402e-01,-5.833546182885085418e-01,5.850971397340641866e-01,-4.519074438026778884e-01,1.416036949722932481e-01,-1.203533309413000879e-01,5.983814342208595427e-01,3.625876080343629626e-01,1.647270957461907992e+00,1.533841246294573857e+00,-7.091830712086790722e-01,6.708185949464038345e-01,5.385879582683400502e-01
6.240673326335748339e-01,-5.691166714964555062e-01,7.984145948291123673e-01,4.983096578184281200e-01,-7.348058016946574789e-01,-4.267568398578674427e-01,1.416598534420753508e-01,6.674979392016227031e-01,3.458124699666055291e-01,1.701372622468296125e+00,1.926856436197162292e+00,7.481686699815739972e-02,-8.783602170396429543e-01,-7.934584510436286653e-01,-4.655695970862768207e-01
-6.064229600812691690e-01,-6.538440991430646276e-01,-6.997449786029570351e-01,-2.488080231146058176e-03,-2.427497243237057012e-01,-8.483452702489833186e-01,-5.818296530504209196e-02,1.309712286426823469e-01,4.117508535303489037e-01,3.233987357234155424e-01,3.344897738981517099e-01,2.903880609522194178e-01,7.530226539435099786e-01,7.833810607317088781e-01,-8.512373758888308606e-01
1.835646023526676662e-01,-1.800683430830211373e-01,2.547379734152333541e-01,4.015820665477328189e-01,1.028465921439304792e-01,3.322393864914834349e-01,-2.440562183257361517e-01,5.661027085082703109e-02,-2.425364362384148376e-02,1.168102326867318741e+00,1.207602166862164816e+00,8.278164761688039386e-01,4.446724015766985172e-01,1.426103458749651554e-01,2.960662723890626347e-01
3.812573084450621153e-01,-3.006699726102124437e-01,-1.330405889824183008e-01,3.289360784286596839e-01,5.267274540303908820e-02,-5.073003726130324020e-01,5.920621336455139661e-01,-5.376816198651667156e-01,-2.409686923010927184e-01,6.297799551948863872e-01,5.883706203037533111e-01,1.285706312627132641e+00,-4.686460392867568547e-01,3.184443863683884546e-01,3.553420209076105230e-01
-7.713469673457534759e-01,-6.876389140064349537e-01,9.079146028063448393e-01,-7.343922659436058487e-01,6.993002015099524238e-01,4.552847349782501718e-01,3.999122068668471974e-01,5.521646252707239355e-02,4.944286205017173197e-01,2.575795722779573582e-01,1.723610092354013190e-01,1.181332305005652478e-01,-7.719710660901469845e-01,5.281545957287701043e-01,-8.643356308065650584e-01
-4.196801609974673553e-01,-3.681203622412801968e-01,-4.419179124047863949e-01,-5.207212123730686759e-01,-2.681593300092782184e-01,3.833563609910058956e-01,-9.575949171848284480e-02,-8.246265556318066459e-02,-3.774034314187770800e-01,6.063883213785359327e-01,6.299893091273438550e-01,6.033088517482554369e-01,-5.953761592420178106e-01,-5.090639071773334079e-01,6.254609817705694130e-01
5.339312142633648728e-01,3.322901815107607293e-01,3.998695016522981205e-01,7.250417526286471182e-01,-2.735702970879173579e-01,-2.559272848483239438e-01,4.865346949467463933e-01,-1.638324604031680953e-01,-5.173921930950322601e-01,1.322306138640037876e+00,1.467111246172316141e+00,4.998926798649389047e-01,4.850516341026374079e-01,6.601080756188903997e-01,-3.568050228942021285e-01
6.224898012047090923e-01,5.382573738040321576e-01,-7.575848182883261339e-01,-9.216769341200524712e-01,3.504644936274919909e-01,-6.743946714307939017e-01,-1.057221606017914178e-01,-2.219698528583203406e-02,6.234423761398492081e-01,1.663657765085935436e+00,1.475063745088250222e+00,1.752428094571255146e+00,9.251897443620390460e-01,-8.988697638968540238e-01,8.893280084377040984e-01
-7.126795020274960535e-02,-6.448430712425318179e-02,-3.416635450663780410e-02,8.409121574629999096e-02,1.355316512602785031e-02,9.259919540376886082e-02,9.669501285377881672e-01,2.608428532559415314e-01,-1.243554080455351318e-01,9.353631030472134844e-01,1.067114664348122188e+00,1.053515892658013264e+00,1.584940360850909946e-01,-8.007503853600173027e-02,-5.803042793715157410e-02
6.033608591623922379e-01,5.583333446140806844e-01,-6.363102645574899574e-01,6.368548830800052629e-01,-4.884719000567733782e-01,-4.291677040844159574e-01,2.612981510858496392e-01,9.944860707753817863e-02,-4.389931461794599477e-01,3.882513844561006344e-01,3.633373743969594560e-01,3.924693590908391871e-01,8.078087053000635454e-01,-8.728505516813090948e-01,8.220522382644497306e-01
6.600127144239000820e-01,-6.499884951529374399e-01,-7.017855399410266592e-01,7.241252717727184596e-01,-9.187490519411128931e-01,-7.505641612915696648e-01,-3.474720768592916009e-01,6.392804489420927938e-01,2.402941168934200344e-01,1.659301878902289751e+00,3.396902054138963845e-01,5.111528645924101610e-01,-7.285359495216262582e-01,-8.992128530251267682e-01,-7.868188695039622926e-01
-2.795392513322783046e-01,2.124870099274100421e-01,-2.247538821539297738e-01,4.385508897067555423e-01,4.686370052653009433e-01,3.011687373566884207e-01,-8.647284258365853238e-02,1.461506533406968789e-01,3.921300485019905691e-01,7.692618308465848376e-01,7.359125420791127192e-01,1.267272828721080380e+00,3.569404466611633686e-01,-3.620076435213609445e-01,-4.557236708129256408e-01
-4.600194099203138154e-01,-4.129011806527143058e-01,-4.216502664798960076e-01,-6.878849061823141264e-01,7.178298332239511567e-03,-1.683105853033482480e-01,-7.614033316134800715e-03,-8.543171482676888973e-01,-4.867802004524418025e-01,5.997524141392533981e-01,6.239264236463074598e-01,1.348923675218864693e+00,-5.159359790431617965e-01,6.685051229589821231e-01,3.956635319590856570e-01
-3.543547362745878004e-01,-2.763719587623041929e-01,6.370391239441774989e-01,-7.488115356395145215e-03,3.264175268048171152e-01,6.451218504807649801e-01,3.184309526853554839e-01,-2.998600362847798628e-01,1.052351857869546908e-01,1.442452257975922469e+00,6.650227485717717935e-01,3.324306978316786121e-01,-3.647376380488111525e-01,-3.835799777155438073e-01,2.457580795081228120e-01
4.276190722660697108e-01,-4.232040048433131640e-01,4.158673037062653455e-01,-2.568537579515308700e-01,-3.314841059387495514e-01,-2.451299375894930854e-01,-2.560556505933255303e-02,-1.890013391838478440e-01,-3.459962931466037395e-01,5.920425720321457197e-01,5.924475112032432378e-01,6.833016948483535691e-01,3.729338823630137245e-01,-3.776557313010738270e-01,-3.369324289912816739e-01
-8.488419632414412330e-01,-7.927674249909900661e-01,-7.412592375196022099e-01,5.462216528689252115e-01,-4.361552305969048637e-01,8.464237247809439646e-01,-2.809795212947346355e-01,2.678580536771911769e-01,-5.051768762714838878e-01,2.233209064761523532e-01,1.901997229326228833e+00,1.660805841457559384e-01,-8.143760631436072206e-01,7.579916765913558008e-01,8.685113458445573587e-01
6.573585898810646588e-01,6.159030784119453594e-01,-6.574769682557943806e-01,-8.604007950991144904e-01,-4.976293264882780676e-01,-6.662196463291327753e-01,-2.067876849236245373e-01,-1.128325528161289032e-01,6.765105961807964530e-01,3.330772590474213590e-01,1.580977028563930409e+00,3.879289571436085327e-01,-9.001287983939051385e-01,-6.386794029393688676e-01,-8.116089989585247855e-01
-7.749555690749531101e-01,7.338149840173920913e-01,-8.372808321099043383e-01,7.638619997807180040e-01,5.328114244612983663e-01,8.628710160907867577e-01,2.223201421458283200e-01,-1.598214666503355863e-01,5.146112720879035818e-01,1.709404879132989885e+00,1.783177073641879273e+00,2.021581209586217565e+00,7.263689099785785031e-01,-8.151911093135411068e-01,7.743459727183472641e-01
-7.481929771569554299e-01,-6.565681478023477347e-01,7.752131136242399467e-01,7.821553153383937751e-01,4.795265499022073885e-01,7.939119490416733926e-01,-1.996061278696330266e-01,-3.577547685576198400e-01,6.218628018438754346e-01,2.766028055495124427e-01,2.899295660393984009e-01,3.019838937159049497e-01,8.179220605497871111e-01,-8.520115004819891480e-01,-6.882063931469103446e-01
-4.325611550170835873e-01,4.204579390147704654e-01,-4.453196533581224026e-01,-4.564667584910044318e-01,4.888689101690874700e-02,-3.847468120491024934e-01,1.282906973204079870e-01,-2.399643596077595809e-01,3.065921721138517575e-01,5.838658154149499735e-01,5.736996469993278502e-01,5.838697672879596956e-01,5.166482175015805201e-01,6.183169227942924007e-01,5.638932618334255853e-01
-7.159628719857125123e-01,7.004087167653901824e-01,-5.977775381402109511e-01,-8.351601052131348846e-01,6.413271088596440572e-01,6.569171975410690312e-01,-4.186401176585766160e-02,-2.358277221500451049e-01,-6.970096558678123833e-01,1.635808223857643462e+00,3.014351701895394142e-01,1.634188623198153723e+00,9.495597328275628968e-01,-9.095640064492304111e-01,-8.475171545923916305e-01
-1.438902035808230506e-01,-2.281927162885447335e-01,-2.142118218573046129e-01,-7.824365209801130427e-02,3.506592524223968166e-01,-5.949483289099307681e-01,5.121812516650502412e-01,-1.230353024086792008e-01,2.833698264060525163e-01,7.588854163978410172e-01,1.226386052031110507e+00,1.047068252507102670e+00,3.109010150001718098e-01,3.159473010428431317e-01,2.330228065888428068e-01
3.518296942171752484e-01,-3.503419305165063613e-01,-3.976948457328420283e-01,-2.918189534549537889e-01,3.429783931023095422e-01,-4.423126538242099226e-01,1.451044775954479782e-01,-5.555616642060032251e-02,2.609180372097131273e-01,6.359046385180233685e-01,6.143354967566087010e-01,6.428188242666513785e-01,-5.414086862475387951e-01,-5.707998878696047829e-01,5.391624378726702638e-01
-2.787019364126375187e-01,-1.858187597979084893e-01,2.125397360917535561e-01,-3.768602893511733415e-02,2.110169442154807007e-01,4.132027976044698181e-01,-3.564023995499969732e-01,1.070569780946567240e-01,2.347164840450854939e-01,8.861758425084975688e-01,1.161847934688660322e+00,8.262351273248290662e-01,-1.617509333872809429e-01,1.137611370565618230e-01,-1.138952714838089852e-01
-3.585146225865626368e-01,3.415367757059699083e-01,-2.918100742101542577e-01,3.961041816993988163e-01,2.016007120723623536e-01,4.679212631940251055e-01,3.683931580455134802e-01,-4.440495342850743210e-01,2.288851648976359399e-01,1.311881098064763496e+00,1.325551625342570539e+00,6.808210203961465590e-01,1.279961825098877015e-01,-1.435781620616007892e-01,3.206079431144263636e-01
6.868850423793215754e-01,-7.054580260242423462e-01,1.015755261533067388e+00,7.831912594283894080e-01,-8.452699700990065068e-01,6.212291652718523460e-01,-2.794411869897748257e-01,-2.296099125323881537e-02,-4.006206014438616902e-01,1.891327147634159767e+00,1.699782724073792828e+00,1.639439470968761192e+00,8.477258009712197451e-01,-8.336924265202134698e-01,-7.870658011034257218e-01
2.789607473318000963e-01,3.002455029062938152e-01,4.148076470565262852e-01,-2.828666155419999328e-01,1.615782160441791848e-01,6.334371010777219979e-01,-7.952485687885763044e-01,4.809550210700260231e-01,-2.064461343091281709e-01,1.275901585642857272e+00,7.616673394564731359e-01,1.261396816945755450e+00,-4.051488319364365820e-01,-2.811136613258959915e-01,3.910702474289632913e-01
-2.901122751292209423e-01,2.905416077669122910e-01,3.147091399635902897e-01,3.172611542139917584e-01,3.643699747093598340e-01,-5.093626324079376655e-01,1.829145331874579283e-01,-4.717678691513851330e-01,2.475134570301896486e-01,7.201671004987120206e-01,7.224347811282930687e-01,7.137580400288678906e-01,2.955625028722907444e-01,-2.952139218627361505e-01,2.632893662351487030e-01
-3.304710377635842744e-01,4.466342457986312020e-01,3.136287825754796033e-01,-4.162747829285444179e-01,-4.988778862972036987e-01,-4.731981260395095035e-01,-1.231866312707103478e-01,-5.171537383138639088e-01,-1.617501946556265668e-01,6.965817323821066331e-01,1.313490526799844460e+00,9.663063797876301209e-01,3.728284567226891055e-01,-3.272120646234895069e-01,-2.930525807140993422e-01
-6.930474178122124629e-01,-7.093277754702606019e-01,-7.177175535641803217e-01,-5.460446044163713708e-01,6.400620798138995093e-01,-4.206056561543502492e-01,-1.837674501977189234e-02,1.014255789856344653e-01,-4.865809874858383899e-01,3.025324905422094868e-01,2.672508432922282018e-01,3.000744610651231992e-01,-7.800922599276428615e-01,9.235001035142624826e-01,-8.209595836089453869e-01
-1.525419871495160007e-01,-1.381648309698571275e-01,1.452215324423489495e-01,-2.451623643502057193e-01,-7.369083463235201470e-02,-2.032096921708941850e-01,5.615613741339008369e-01,-1.123713523773722661e-01,1.756177684325609389e-01,8.695623617122208993e-01,1.114289120934141453e+00,1.143088189409739996e+00,2.008965742913871311e-01,-1.331923870452076664e-01,-1.276171237148173709e-01
4.280397119626701552e-01,-2.811719338591697759e-01,5.605632403106075579e-01,-1.863555463264866818e-01,2.574014053506263333e-01,8.810929034356512757e-02,-6.200637460017981856e-02,-5.269646130764054082e-01,5.024012601207209494e-01,1.247444846407872676e+00,7.516091790288466079e-01,7.235698176422423744e-01,-5.659650957233244295e-01,-6.298072412088586702e-01,4.959892413059531213e-01
4.142303549242383198e-01,-4.134997677850642539e-01,-3.674421998698776948e-01,3.807802739003434134e-01,3.974953845959747212e-01,1.865148981172763953e-01,5.479148583717660115e-01,-5.804257502052210388e-02,3.927454913287017901e-01,5.975698640381459370e-01,4.350363847147436513e-01,5.462678168481039931e-01,-4.833391932327849583e-01,2.713340153851129255e-01,-4.809665977142915660e-01
6.199780676933949186e-01,6.287893593372830825e-01,9.956499035374549722e-01,7.159072576410879796e-01,7.090348396916116291e-01,7.352917886628970168e-01,-2.254038446531309303e-01,4.708154461382101780e-02,-6.305073757539848556e-01,6.589609752954245225e-02,1.833538430154853627e+00,1.706682483272099482e+00,7.211505824634361073e-01,6.984026289588306513e-01,8.504782617023175506e-01
-3.170143061048167898e-01,3.007995284567325234e-01,3.665512318106084466e-01,3.459136625650226504e-01,-3.599063190221539199e-01,3.694464194665519896e-01,-2.650043187446732632e-02,-5.949229919775748110e-01,-4.058505574680778549e-01,1.319145672557249682e+00,6.761009210799080460e-01,1.322034019343244493e+00,3.396130522899566406e-01,-3.166247753924237296e-01,-2.989256498350923441e-01
7.068348425003200264e-01,7.114407750261945163e-01,-7.010200841730135357e-01,4.290103831657199329e-01,-6.819944050131774294e-01,6.022032760408321250e-01,1.305097686741554797e-01,7.453627672382656666e-02,-4.861516453775754920e-01,1.660751429308881200e+00,2.530607432551301716e-01,3.094186129598339718e-01,9.350477681340066960e-01,8.521692826414553057e-01,9.760246246032745487e-01
-7.383636561926443242e-01,-7.256753082181892633e-01,-7.438016052293674463e-01,7.347246891889991360e-01,-6.289263612611868393e-01,-3.350297220971356071e-01,-2.199678180011408746e-01,-2.643525265236211230e-01,6.899760967708676862e-01,2.998367374196333479e-01,3.273276860299226820e-01,2.960148525569231692e-01,-8.526991069102947129e-01,7.293319721801747590e-01,8.317566966726650524e-01
1.196407615665179280e-01,1.003086945691407661e-01,-9.454637944809372863e-02,1.199276477524213735e-01,2.041499482900940021e-01,3.207738317638691439e-01,-3.335398054721005479e-01,-4.052857149960311656e-01,1.793403047666407568e-01,8.903973382608215692e-01,1.131173634602381739e+00,1.111999670444484778e+00,1.957263348477068232e-01,1.057206212372912291e-01,-1.065201872188999282e-01
